paper_id,Assessment,Significance,Strength of Evidence,Summary,Strengths,Weaknesses,Achievement,Impact,Context
elife-97674-v1,"This study provides significant insights into the role of GPR156 in hair cell orientation and vestibular function, demonstrating that while GPR156 is crucial for proper hair cell orientation, it does not affect afferent innervation patterns or certain vestibular reflexes. The evidence is compelling, although some functional analyses could be more comprehensive, particularly regarding mechanotransduction properties in mouse models. The findings will be of interest to researchers in sensory biology and vestibular physiology.",Important,Compelling,The authors investigate the role of GPR156 in hair cell orientation and its impact on vestibular function in mouse and zebrafish models. They demonstrate that loss of GPR156 leads to a lack of hair cell orientation reversal without affecting afferent innervation or certain vestibular reflexes.,"The study employs a robust experimental design, utilizing both mouse and zebrafish models to explore the role of GPR156. The combination of morphological, physiological, and behavioral analyses provides a comprehensive understanding of the implications of GPR156 deletion.","Some functional analyses, particularly regarding mechanotransduction properties in mouse models, are not fully explored. Additionally, the broader implications of the findings could be discussed in more detail.","The authors successfully demonstrate that GPR156 is essential for hair cell orientation but does not significantly impact afferent innervation or certain vestibular reflexes, supporting their conclusions.",This work enhances our understanding of the molecular mechanisms underlying vestibular function and may inform future studies on vestibular disorders and potential therapeutic targets.,"The findings contribute to the growing body of literature on the genetic and molecular regulation of sensory systems, particularly in the context of vestibular biology."
elife-97643-v1,"This study provides critical insights into the epidemiology of Shiga toxin-producing E. coli O157:H7 in Alberta, showing that a significant proportion of human infections are linked to locally persistent cattle lineages. The evidence is compelling, supported by rigorous genomic analyses and a structured coalescent model. The findings will interest public health officials and researchers in microbiology and epidemiology.",Important,Compelling,"The authors aimed to investigate the role of persistent cross-species transmission systems in the epidemiology of E. coli O157:H7 in Alberta, Canada, by analyzing genomic data from isolates collected from cattle and humans over time. They identified locally persistent lineages significantly associated with human infections.","The study employs a robust genomic epidemiology approach, utilizing advanced phylogenetic methods and a large dataset of isolates. The identification of locally persistent lineages provides valuable insights into the transmission dynamics of E. coli O157:H7.","The study is limited by its reliance on a specific set of isolates, which may not fully represent the diversity of E. coli O157:H7 in the region. Additionally, potential biases in sampling could affect the conclusions regarding lineage persistence and transmission.","The authors successfully achieved their aims, demonstrating that a high percentage of human infections are linked to local cattle lineages, thus supporting their conclusions about the role of persistent transmission systems.","The findings have significant implications for public health strategies aimed at controlling E. coli O157:H7 infections, particularly in high-incidence regions like Alberta, by highlighting the importance of local reservoirs in disease transmission.","This study contributes to the growing body of literature on the epidemiology of E. coli O157:H7, emphasizing the need for targeted interventions in local cattle populations to reduce the risk of human infections."
elife-94689-v1,"This study presents an automated workflow for cell cycle analysis in both adherent and non-adherent cells, utilizing a machine learning approach that enhances the precision of cell cycle measurements. The evidence supporting the methodology is solid, although broader validation across diverse cell types would strengthen the claims. This work will interest researchers in cellular biology and cancer research.",Important,Solid,"The authors aimed to develop an automated workflow for analyzing the cell cycle of non-adherent cells using the FUCCI(CA)2 sensor and machine learning techniques. They validated their approach with acute myeloid leukemia cell lines, demonstrating its applicability to both adherent and non-adherent cells.","The integration of machine learning with automated image analysis is a significant advancement, and the methodology is well-documented and reproducible. The public availability of the workflow enhances its utility for the research community.","The validation of the machine learning model is limited to specific cell lines, necessitating more extensive testing across various cell types and conditions to confirm robustness. Additionally, some methodological details could be clearer.","The authors successfully developed an automated cell cycle analysis workflow, and the results support their conclusions regarding its effectiveness.","This work has the potential to streamline cell cycle analysis in cancer research, providing a valuable tool for efficiently analyzing large datasets.","The study addresses a critical gap in the analysis of non-adherent cells, which are often overlooked in traditional cell cycle studies, thereby broadening the scope of cell cycle research."
elife-91083-v1,"This study provides important insights into the feedback regulation of the LRRK2 Roc G domain, revealing how autophosphorylation affects its GTPase activity and the implications for Parkinson's disease variants. The evidence is compelling, although some methodological limitations exist that could affect the robustness of the conclusions. The work will be of interest to researchers in neurobiology and those studying Parkinson's disease.",Important,Compelling,"The authors aimed to investigate the intramolecular feedback regulation of the LRRK2 Roc G domain, focusing on the role of autophosphorylation and its effects on GTPase activity, particularly in the context of Parkinson's disease-associated variants.","The study employs rigorous biochemical assays and a systematic mutational analysis to elucidate the regulatory mechanisms of LRRK2, providing new insights into its role in Parkinson's disease.","The sample sizes for some experiments are relatively small, which may limit the generalizability of the findings. Additionally, the reliance on specific assays may not fully capture the complexity of LRRK2's behavior in a cellular context, potentially leading to oversimplified conclusions.","The authors successfully identified a novel feedback mechanism involving autophosphorylation that regulates LRRK2 activity, supporting their conclusions with solid experimental data.","The findings could significantly enhance our understanding of LRRK2's role in Parkinson's disease and may inform future therapeutic strategies targeting this pathway, particularly for both familial and sporadic forms of the disease.","Understanding the dynamic regulation of LRRK2 is crucial for developing targeted therapies for Parkinson's disease, given its association with both familial and sporadic forms of the condition."
elife-99303-v1,"This study provides compelling evidence for the sequential replacement of PSD95 subunits in synaptic supercomplexes, linking this process to protein lifetime and memory retention. The innovative use of advanced imaging techniques strengthens the findings, which will be of significant interest to neuroscientists and researchers in the field of memory and synaptic plasticity.",Important,Compelling,"The authors investigate the dynamics of PSD95 supercomplexes in the brain, focusing on the sequential replacement of PSD95 subunits and its relationship to protein lifetime and memory storage. They aim to determine whether this replacement process varies across different brain regions and how it relates to the stability of memory.","The study employs state-of-the-art imaging techniques, including single-molecule detection and MINFLUX, to provide high-resolution insights into PSD95 supercomplexes. The experimental design is robust, with thorough validation of methods and results.","While the evidence for sequential replacement is strong, the implications for memory storage are primarily theoretical and would benefit from additional in vivo validation. The study does not explore the functional consequences of the observed dynamics on synaptic plasticity, which is crucial for understanding how these mechanisms affect memory processes. Further functional studies are needed to establish the practical relevance of these findings.","The authors successfully demonstrate the sequential replacement of PSD95 subunits in supercomplexes, supporting their hypothesis regarding the relationship between protein lifetime and memory retention.","This work is likely to have a significant impact on the field of neuroscience, particularly in understanding the molecular mechanisms underlying memory storage and synaptic stability.","The findings extend Crick's hypothesis on molecular memory by providing empirical evidence for the dynamics of protein complexes in synapses, suggesting a mechanism for the stability of long-term memories."
elife-89873-v1,"This study provides valuable insights into the physiological responses associated with emotional processing of biological motion signals, demonstrating that pupil size can reflect emotional states. The evidence is compelling, although some methodological concerns regarding sample sizes in individual experiments and potential confounding factors related to visual processing remain. The work will be of interest to researchers in psychology, neuroscience, and social cognition.",Important,Compelling,"The authors aimed to investigate how pupil responses are modulated by emotional information conveyed through biological motion signals. They conducted a series of experiments to assess pupil size changes in response to happy, sad, and neutral point-light walkers, exploring both intact and local motion features.","The study employs a novel physiological measure (pupil size) to investigate emotional processing, providing a robust dataset across multiple experiments. The findings are well-supported by statistical analyses and replication efforts.","Some experiments have small sample sizes (e.g., 24 participants per condition), which may limit generalizability. Additionally, potential confounding variables related to visual processing and individual differences in attention should be addressed.","The authors successfully demonstrated that pupil responses can reflect emotional processing of biological motion, achieving their aims and supporting their conclusions with solid evidence.","This work has the potential to influence future research on emotional processing and social cognition, particularly in developing diagnostic tools for social cognitive disorders, such as autism spectrum disorder.","The findings contribute to a growing body of literature linking physiological responses to emotional processing, highlighting the importance of objective measures in understanding social cognition."
elife-97179-v1,"This study provides important insights into GnRH pulse generator activity in mouse models of PCOS, revealing distinct behaviors in the PPA and PNA models. The evidence is compelling, particularly due to the advanced methodologies employed, although inconsistencies in hormonal measurements and the relevance of the models to human PCOS require caution. The findings will interest researchers in reproductive endocrinology and PCOS.",Important,Compelling,"The authors aimed to investigate GnRH pulse generator activity in two mouse models of PCOS, the peripubertal androgen (PPA) and prenatal androgen (PNA) models, using GCaMP fiber photometry and machine learning analysis.","The study utilizes advanced methodologies such as GCaMP fiber photometry and machine learning for data analysis, providing high temporal resolution and detailed insights into neuronal activity.","Inconsistencies in hormonal measurements, particularly regarding testosterone levels in the PNA model, may affect the interpretation of the model's relevance to human PCOS.","The authors successfully demonstrated distinct patterns of GnRH pulse generator activity in the two models, although the implications for human PCOS require further validation.","This work enhances our understanding of the neuroendocrine mechanisms underlying PCOS and may inform future therapeutic strategies, but the variability in model characteristics needs to be addressed.",The findings contribute to the ongoing discussion about the fidelity of mouse models in replicating human PCOS symptoms and underscore the complexity of reproductive endocrine regulation.
elife-96284-v1,"This study provides significant insights into RNA decay mechanisms during cellular stress, emphasizing the roles of stress granules and the XRN1 exonuclease. The evidence is compelling, supported by robust sequencing techniques and statistical analyses, though further validation in diverse cellular contexts would enhance the findings' robustness. This work will interest molecular biologists and researchers focused on RNA metabolism and stress responses.",Important,Compelling,"The authors aimed to investigate global changes in RNA stability during cellular stress, utilizing direct RNA sequencing to identify mechanisms of stress-induced RNA decay. They found that stress granule formation is crucial for this decay process, mediated by the XRN1 exonuclease.","The application of direct RNA sequencing with nanopores enables high-resolution analysis of RNA length changes, and the development of a statistical framework for identifying RNA decay represents a notable methodological advancement.","The study primarily focuses on HeLa cells and specific stressors, which may limit the generalizability of the findings. Additionally, while strong evidence for the role of XRN1 is provided, the functional analyses could be expanded to include a broader range of conditions and cell types.","The authors successfully achieved their aims, demonstrating that stress-induced RNA decay is dependent on stress granule formation and mediated by XRN1, with results supporting their conclusions.","This work is likely to influence the field of RNA biology by providing new insights into RNA decay mechanisms during stress, potentially guiding future research on stress responses and RNA metabolism.",Understanding RNA decay mechanisms in stress responses is crucial for elucidating cellular adaptation processes and may have implications for diseases associated with stress and aging.
elife-89950-v1,"This study provides important insights into how the midbrain encodes sound detection behavior independently of the auditory cortex, suggesting that subcortical structures can process complex information relevant to auditory tasks. The evidence is compelling, although some methodological concerns regarding lesion effects and behavioral interpretations remain. The findings will be of interest to neuroscientists studying auditory processing and sensory integration.",Important,Compelling,"The authors aimed to investigate the role of the inferior colliculus in sound detection behavior, particularly focusing on whether it can process non-acoustic information independently of the auditory cortex. They employed imaging techniques to analyze neuronal activity in the midbrain while mice performed a sound detection task.","The study utilizes advanced imaging techniques to provide a detailed analysis of neuronal activity in the inferior colliculus, demonstrating that this region encodes behaviorally relevant information even without cortical input.","The interpretation of the effects of auditory cortex lesions is not fully substantiated, and the study does not adequately address potential confounding factors that could influence the observed behaviors. Additionally, the reliance on a limited number of subjects for certain analyses raises concerns about the robustness of the conclusions.","The authors successfully demonstrated that midbrain neurons can encode sound detection behavior independently of the auditory cortex, although the implications of this finding require further validation.","This work is likely to influence future research on auditory processing by highlighting the importance of subcortical structures, potentially leading to a reevaluation of the hierarchical models of sensory processing.","The findings challenge the traditional view of auditory processing being heavily reliant on cortical structures, suggesting a more complex interplay between cortical and subcortical regions in sensory perception."
elife-96129-v1,"This study provides important insights into the hydrodynamic benefits of spatial arrangements in groups of flapping swimmers, revealing how different formations impact energy expenditure. The evidence is compelling, supported by robust computational models, although further experimental validation in biological systems would enhance the findings. The work will be of interest to researchers in biomechanics, ecology, and robotics.",Important,Compelling,"The authors investigate how spatial patterns of flapping swimmers influence energetic costs during locomotion. They model various formations, demonstrating that side-by-side arrangements distribute energy requirements evenly, while inline formations favor trailing swimmers up to a critical group size.","The study employs rigorous computational fluid dynamics and vortex sheet models to explore hydrodynamic interactions, providing a clear mapping of spatial arrangements to energetic benefits. The findings are well-supported by simulations and align with existing literature.","The reliance on computational models may limit the applicability of the findings to real biological systems, and the lack of experimental validation raises questions about the robustness of the conclusions in natural settings.","The authors successfully elucidate the relationship between spatial patterns and energetic costs, providing a framework for understanding the dynamics of schooling behavior.",The findings could influence our understanding of animal behavior and inform the design of bio-inspired robotic systems that mimic efficient group movement.,"This research contributes to the broader field of biomechanics and ecology by linking physical interactions in fluid environments to social behaviors in animal groups, suggesting that flow dynamics may play a role in the evolution of cooperative versus greedy behaviors."
elife-95485-v1,"This study presents CausalXtract, a novel computational pipeline that effectively extracts causal relationships from live-cell imaging data, particularly in tumor ecosystems. The evidence is compelling, but further validation across diverse biological contexts would enhance its impact. This work is relevant to researchers in computational biology and cancer research.",Important,Compelling,"The authors developed CausalXtract, a flexible pipeline for extracting causal effects from live-cell time-lapse imaging data, focusing on morphodynamic features and cell interactions in tumor ecosystems.","CausalXtract integrates advanced feature extraction with a robust causal discovery method, demonstrating superior performance compared to existing approaches in both speed and accuracy.","The functional analyses are confined to a specific experimental setup, and the generalizability of the findings to other biological contexts remains to be established.","The authors successfully developed and validated CausalXtract, achieving their aim of uncovering novel causal relationships in live-cell imaging data, though broader validation is necessary.","CausalXtract has the potential to significantly advance the analysis of live-cell imaging data, providing a valuable tool for researchers in cancer biology and systems biology.","As live-cell imaging technologies evolve and generate vast amounts of data, developing flexible and hypothesis-free methods for analyzing complex biological data is increasingly crucial."
elife-101943-v1,"This study provides compelling evidence that outer hair cells actively drive cochlear fluid circulation, enhancing drug delivery to apical cochlear regions. The combination of experimental and computational approaches strengthens the findings, which will be of interest to researchers in auditory biology and drug delivery systems.",Important,Compelling,The authors aimed to investigate the role of outer hair cells in cochlear fluid dynamics and their impact on drug delivery. They hypothesized that sound exposure enhances drug transport through fluid agitation caused by outer hair cell motility.,"The study employs a well-designed experimental approach, including pharmacological interventions and advanced computational modeling to support the hypothesis. The findings are quantitatively robust and provide new insights into cochlear mechanics.","The study primarily uses gerbils as a model organism, which may limit the applicability of the findings to human cochlear physiology. Additionally, the computational model, while sophisticated, may oversimplify certain physiological aspects.","The authors successfully demonstrated that outer hair cell motility facilitates drug delivery in the cochlea, supporting their hypothesis with both experimental and computational evidence.","This work has the potential to influence future research on cochlear fluid dynamics and drug delivery methods, particularly in developing strategies for treating inner ear disorders.","Understanding the mechanics of cochlear fluid circulation is crucial for improving drug delivery methods in the inner ear, which has significant implications for treating hearing loss and other auditory disorders."
elife-88584-v1,"This study offers significant insights into spinal neural tube formation and tail development in human embryos, highlighting key differences from other species. While the evidence is solid, some conclusions, particularly regarding secondary neurulation mechanisms and apoptosis, would benefit from functional assays, such as in vivo experiments or molecular manipulation techniques, to validate the proposed mechanisms. The work will be of interest to developmental biologists and researchers studying congenital malformations.",Important,Solid,"The authors aimed to elucidate the processes of primary and secondary neurulation in human embryos, examining 108 specimens across various Carnegie stages. They focused on the timing of neural tube formation, somite development, and the role of specific signaling pathways in these processes.",The study utilizes a large sample size of human embryos and employs rigorous morphological and histological analyses to provide new insights into human neurulation. The findings contribute valuable normative data for future research.,"Some claims, particularly regarding the mechanisms of secondary neurulation and apoptosis, lack direct experimental validation. The reliance on morphological observations without functional assays may limit the robustness of certain conclusions.","The authors largely achieved their aims, providing a detailed description of human spinal neurulation and tail development, although some conclusions require further support.","This work is likely to impact the field of developmental biology by providing a clearer understanding of human embryonic development, which could inform studies on congenital malformations and organoid research.","The findings highlight the need for caution when extrapolating data from model organisms to humans, emphasizing the unique aspects of human embryonic development."
elife-94929-v1,"This study significantly enhances our understanding of bacterial lipid biosynthesis by employing machine learning to identify novel lipid substrates and characterize the specificity of the MprF enzyme. The evidence presented is compelling, though further experimental validation is necessary to fully substantiate the claims. The work will be of interest to microbiologists and biochemists focused on lipid metabolism and antibiotic resistance.",Important,Compelling,"The authors aimed to investigate the substrate specificity of the MprF enzyme in bacterial lipid biosynthesis using sequence statistics and machine learning techniques. They successfully identified novel lipid substrates, including Lys-Glc-DAG and Lys-Glc2-DAG, and characterized MprF enzymes from various bacterial species.","The study employs an innovative machine learning approach to analyze sequence data, leading to the discovery of novel lipid substrates and providing insights into enzyme specificity. The lipidomic analyses are thorough and well-executed.","The functional analyses of the identified residues are somewhat limited, and the reliance on the RBM approach may overlook important interactions that determine enzyme specificity. Additional experimental validation is needed to confirm the predicted substrate activities.","The authors achieved their aims of identifying novel lipid substrates and characterizing MprF specificity, although the results would be strengthened by further experimental validation of the predicted interactions.","This work has the potential to influence future research on bacterial lipid metabolism and antibiotic resistance, particularly in developing new therapeutic strategies targeting lipid biosynthesis.",The findings contribute to a growing body of literature exploring the role of lipid modifications in bacterial resistance mechanisms and highlight the utility of machine learning in biological research.
elife-96140-v1,"This study provides important insights into the associative plasticity of granule cell inputs to Purkinje cells, demonstrating that synchronous stimulation of ascending axon and parallel fibre inputs induces LTP specifically at AA synapses, while PF inputs are depressed. The evidence is compelling, although the lack of morphological validation and some variability in results warrant caution. The findings will be of interest to neuroscientists studying cerebellar function and synaptic plasticity.",Important,Compelling,"The authors aimed to investigate whether coincident activation of ascending axon and parallel fibre inputs to Purkinje cells triggers specific forms of synaptic plasticity. They demonstrate that synchronous stimulation leads to LTP at AA synapses while causing depression at PF synapses, highlighting the distinct roles of these inputs.","The study employs rigorous experimental techniques, including whole-cell patch-clamp recordings and a well-defined stimulation protocol, providing strong evidence for the observed plasticity.","The lack of morphological confirmation of synapse types raises questions about the specificity of the findings, and the variability in the effects of GABAergic inhibition on plasticity induction needs further exploration.","The authors successfully demonstrate that synchronous stimulation of AA and PF inputs induces LTP at AA synapses, supporting their hypothesis about the distinct coding capabilities of these inputs.",This work is likely to influence future research on cerebellar synaptic plasticity and may lead to a better understanding of the mechanisms underlying motor learning and coordination.,The findings contribute to the ongoing debate about the functional differentiation of synaptic inputs in the cerebellum and their implications for cerebellar computation.
elife-101221-v1,"This study provides valuable insights into the role of FABP4 in lipid metabolism in tumor-associated macrophages and its contribution to breast cancer metastasis. The evidence is compelling, supported by a range of in vitro and in vivo experiments, although further validation in clinical settings would enhance its impact.",Important,Compelling,"The authors aimed to investigate the role of FABP4 in mediating lipid accumulation and lipolysis in tumor-associated macrophages, and how these processes contribute to breast cancer metastasis. They demonstrate that unsaturated fatty acids activate the FABP4/CEBPα pathway, promoting lipid droplet formation and enhancing tumor cell migration.","The study employs a robust combination of in vitro and in vivo methodologies, including single-cell RNA sequencing and patient tissue analysis, to support its claims. The identification of the FABP4/CEBPα axis as a key regulator of lipid metabolism in macrophages is particularly noteworthy.","The functional analyses, particularly regarding the mechanisms by which FABP4 influences tumor cell migration, could be more thoroughly explored. Additionally, the study would benefit from a larger sample size in the clinical analysis to strengthen its conclusions.","The authors successfully achieved their aims, demonstrating that FABP4 is crucial for lipid metabolism in TAMs and contributes to breast cancer metastasis, although the clinical implications could be more clearly articulated.",This work is likely to influence future research on macrophage biology in cancer and may inform therapeutic strategies targeting lipid metabolism in the tumor microenvironment.,"Understanding the metabolic pathways in TAMs is critical for developing targeted therapies in breast cancer, especially given the association between lipid metabolism and tumor progression."
elife-93534-v1,"This study provides valuable insights into the genetic mechanisms behind deletions of pfhrp2 and pfhrp3 in Plasmodium falciparum, which are critical for malaria rapid diagnostic tests. The evidence is compelling, although methodological concerns and the need for further validation may limit the overall impact.",Important,Compelling,The authors aimed to investigate the mechanisms and patterns of deletions of the pfhrp2 and pfhrp3 genes in P. falciparum using a large dataset of whole-genome sequences. They identified three distinct deletion patterns associated with geographical regions and provided insights into the evolutionary dynamics of these deletions.,"The study utilizes a large dataset of 19,313 P. falciparum genomes, providing a robust basis for analysis. The identification of distinct deletion patterns and their geographical associations significantly contributes to understanding malaria genetics.","The reliance on publicly available datasets may introduce biases, and the study does not adequately address potential confounding factors. Additionally, the functional implications of the observed genetic changes are not thoroughly explored.","The authors successfully identified deletion patterns and mechanisms, but the conclusions regarding their implications for malaria diagnostics require further validation.","The findings could inform malaria surveillance and control strategies, particularly in regions where pfhrp2 and pfhrp3 deletions are prevalent, but additional studies are needed to confirm these implications.","Understanding the genetic mechanisms behind pfhrp2 and pfhrp3 deletions is crucial for improving malaria diagnostics and treatment strategies, especially given the increasing prevalence of these deletions."
elife-99018-v1,"This study provides significant insights into the electrophysiological dynamics of large-scale brain networks during episodic memory tasks. The evidence supporting the authors' claims is compelling, with rigorous analyses across multiple experiments, making it relevant to neuroscientists and cognitive researchers.",Important,Compelling,"The authors investigate directed information flow between the salience network, default mode network, and frontoparietal network during episodic memory tasks using intracranial EEG data from 177 participants. They employ phase transfer entropy analysis to elucidate the role of the anterior insula in coordinating these networks during memory encoding and recall.","The study utilizes a large and diverse dataset, employs advanced analytical techniques, and demonstrates high replicability of findings across multiple memory tasks.","The discussion could benefit from a more explicit consideration of the clinical implications of the findings and a deeper exploration of the study's limitations, particularly regarding the temporal resolution of the analyses.","The authors successfully achieved their aims, providing robust evidence for the directed influence of the anterior insula on other brain networks during memory processes.",The findings advance our understanding of the neural mechanisms underlying memory and could inform future research on memory-related disorders.,This work contributes to the growing literature on the electrophysiological basis of cognitive processes and underscores the importance of network interactions in memory function.
elife-93855-v1,"This study provides important insights into the metabolic and behavioral adaptations of Vibrio cyclitrophicus ZF270 during polysaccharide degradation and subsequent dispersal. The evidence is compelling and supported by rigorous experimental methodologies, although further validation of the ecological implications is needed. The findings will interest microbiologists and ecologists studying microbial interactions and carbon cycling in marine environments.",Important,Compelling,"The authors aimed to investigate how the marine bacterium Vibrio cyclitrophicus ZF270 alternates between polysaccharide degradation and motility in response to environmental cues, particularly focusing on alginate and its breakdown products. They utilized microfluidics and RNA sequencing to analyze growth dynamics, gene expression, and motility.",The study employs advanced microfluidic techniques and RNA sequencing to provide a comprehensive analysis of bacterial behavior and gene expression. The findings reveal significant metabolic adaptations and behavioral responses to nutrient availability.,"While the methodology is robust, the functional analyses could be more comprehensive. For example, including experiments with additional bacterial strains or varying environmental conditions could strengthen the generalizability of the findings and provide deeper insights into the ecological implications.","The authors successfully achieved their aims, demonstrating how V. cyclitrophicus ZF270 modulates its growth and motility in response to polysaccharide degradation products, although further validation of ecological relevance is warranted.","This work enhances our understanding of microbial foraging strategies and their implications for carbon cycling in marine ecosystems, providing a foundation for future studies on microbial interactions with organic matter.","The findings contribute to the broader understanding of microbial ecology, particularly in how bacteria adapt to heterogeneous nutrient environments and the implications for biogeochemical processes."
elife-98654-v1,"This study provides valuable insights into how regulatory motifs influence the emergence and evolution of gene expression in prokaryotes. The evidence is compelling, though some methodological weaknesses and interpretative challenges need to be addressed. The findings are relevant to researchers in molecular biology and genetics.",Important,Compelling,"The authors investigate the impact of mutations in regulatory DNA motifs on the emergence and evolution of promoter activity in prokaryotic systems, utilizing a large-scale mutagenesis approach to assess changes in gene expression.","The study employs a comprehensive mutagenesis library and robust fluorescence-based assays to quantify promoter activity, yielding a rich dataset for analysis.","The interpretation of the data regarding the influence of specific motifs on promoter activity is occasionally oversimplified, and the conclusions may not fully capture the complexity of gene regulation.","The authors successfully demonstrate how mutations can affect promoter activity, but some conclusions may be overstated based on the data presented.","The findings could significantly enhance our understanding of gene regulation and promoter evolution, but the implications should be articulated more clearly.",This work contributes to the broader discussion on the complexity of gene regulation and the evolutionary dynamics of promoter sequences in prokaryotes.
elife-95547-v1,"This study provides compelling evidence linking microstructural asymmetries in the planum temporale to functional lateralization in auditory-language processing. The large sample size and advanced imaging techniques enhance the reliability of the findings, although the correlational nature of the analyses limits causal interpretations. The work will be of interest to neuroscientists studying brain asymmetries and language processing.",Important,Compelling,The authors aimed to investigate the relationship between microstructural asymmetries in the planum temporale and functional lateralization during auditory-language processing using multimodal MRI data from 907 right-handed participants.,"The study benefits from a large sample size, rigorous manual delineation of the planum temporale, and the use of advanced imaging techniques to quantify structural and functional measures.","The reliance on correlational analyses limits the ability to establish causation, and the lack of significant correlations with behavioral language test scores raises questions about the practical implications of the findings.","The authors successfully demonstrated associations between structural and functional asymmetries in the planum temporale, supporting the hypothesis that structural asymmetries guide functional lateralization.",The findings contribute to the understanding of the neuroanatomical basis of language processing and may inform future research on brain asymmetries in clinical populations.,"This study highlights the importance of microstructural features in understanding functional lateralization, suggesting that future research should explore these relationships in diverse populations and clinical contexts."
elife-96025-v1,"This study introduces High-throughput Expansion Microscopy (HiExM), a novel method that enhances the scalability of expansion microscopy for super-resolution imaging in a 96-well plate format. The evidence supporting the method is compelling, although concerns about reproducibility and potential imaging artifacts need to be addressed. The work will be of interest to cell biologists and microscopy researchers.",Important,Compelling,"The authors aimed to develop a high-throughput method for expansion microscopy that allows for imaging cells in a 96-well plate format, increasing the scalability and accessibility of super-resolution imaging techniques. They validated HiExM through various experiments, including drug treatment studies on cardiomyocytes, showcasing its effectiveness.","The methodology is innovative, enabling high-throughput imaging while maintaining nanoscale resolution. The use of photoinitiation for gel polymerization enhances reproducibility.","Concerns exist regarding the reproducibility of the expansion process and potential imaging artifacts, such as distortion or uneven expansion. The study would benefit from a more thorough exploration of limitations and applications of HiExM.","The authors successfully developed and validated HiExM, demonstrating its capability to detect subtle cellular changes in response to drug treatment, although further validation is needed.","HiExM has the potential to significantly impact biological research by providing a scalable and accessible method for super-resolution imaging, facilitating large-scale studies in cell biology and drug discovery.","This work builds on existing expansion microscopy techniques and addresses limitations in throughput and accessibility, making it a valuable addition to the microscopy toolkit."
elife-88456-v1,"This study provides important insights into the somatic mutation rates of tropical trees, demonstrating that these rates are more closely related to age than growth rate. The evidence is compelling, although the study would benefit from a larger sample size and additional functional analyses to strengthen its conclusions. The findings will be of interest to evolutionary biologists and ecologists.",Important,Compelling,"The authors aimed to investigate the somatic mutation rates in two tropical tree species, Shorea laevis and S. leprosula, and their relationship with growth rates. They found that somatic mutations accumulate with time rather than growth, suggesting a clock-like mechanism of mutation accumulation.","The study employs robust genomic methodologies, including long-read and short-read sequencing, to accurately identify somatic mutations. The findings challenge existing paradigms and provide a new perspective on mutation accumulation in long-lived species.","The limited number of species and individuals analyzed may restrict the generalizability of the results, potentially overlooking variations in mutation rates across different environments. Additionally, the functional implications of the identified mutations are not thoroughly explored, which could provide deeper insights into their significance.","The authors successfully achieved their aims, demonstrating that somatic mutation rates are independent of growth rates and accumulate with age. The results support their conclusions, although further validation is needed.",This work is likely to significantly influence future research on somatic mutations in plants and may lead to a reevaluation of how mutation rates are understood in relation to growth and age in long-lived species.,Understanding somatic mutation rates in tropical trees is crucial for comprehending genetic diversity and evolutionary processes in one of the most biodiverse ecosystems on Earth.
elife-96695-v1,"This study provides valuable insights into the genetic stability of Mycobacterium smegmatis under antibiotic stress, revealing that prolonged exposure to first-line antitubercular agents does not significantly increase mutation rates. The evidence is solid, though further validation is needed to fully support the conclusions regarding the mechanisms of drug resistance. The findings will be of interest to microbiologists and researchers studying antibiotic resistance.",Valuable,Solid,"The authors investigated the effects of first-line antitubercular agents on the genetic stability of Mycobacterium smegmatis, focusing on mutation rates, phenotypic tolerance, and DNA repair mechanisms. They found no significant increase in mutation rates under antibiotic pressure, suggesting that drug resistance may arise from non-genetic factors.","The study employs rigorous methodologies, including whole-genome sequencing and qPCR, to assess genetic stability and DNA repair mechanisms. The use of a non-pathogenic model organism allows for controlled experiments.","The conclusions regarding the lack of mutagenesis under antibiotic pressure may require further validation, particularly in the context of Mycobacterium tuberculosis. The study does not explore the long-term implications of phenotypic adaptation in clinical settings, and additional experiments with genetically modified strains could provide deeper insights.","The authors demonstrated that prolonged exposure to first-line antibiotics does not lead to increased mutation rates in Mycobacterium smegmatis, supporting their hypothesis about genetic stability.","This work could reshape our understanding of drug resistance mechanisms in mycobacteria, emphasizing phenotypic tolerance over genetic mutation, which may influence future treatment strategies.","Understanding the mechanisms of drug resistance in Mycobacterium tuberculosis is critical for developing effective treatment regimens, especially in light of rising antibiotic resistance globally."
elife-95988-v1,"This study provides valuable insights into the immune landscape and metabolic reprogramming in lung adenocarcinoma following chemotherapy, particularly highlighting the role of tumor-associated macrophages. While the evidence is solid, the small sample size limits the generalizability of the findings.",Valuable,Solid,"The authors aimed to investigate the effects of chemotherapy on the immune landscape and metabolic reprogramming in lung adenocarcinoma using single-cell RNA sequencing. They identified significant changes in the composition and function of immune cells, especially macrophages, following treatment.","The use of scRNA-seq allows for a detailed analysis of cellular heterogeneity and interactions within the tumor microenvironment, providing a comprehensive view of chemotherapy's effects.","The study is limited by a small sample size of only nine patients, which may affect the robustness and generalizability of the findings. Additionally, functional validation of the identified cell types and their roles is lacking.","The authors successfully characterized the immune and metabolic changes in LUAD post-chemotherapy, although further validation is needed to support their conclusions.","The findings could inform future therapeutic strategies targeting the immune microenvironment in LUAD, but the limited sample size necessitates caution in applying these insights broadly.",Understanding the dynamic changes in the tumor microenvironment following chemotherapy is crucial for developing effective treatment strategies and overcoming drug resistance in lung adenocarcinoma.
elife-90695-v1,"This study provides compelling evidence that human-induced pluripotent stem cell-derived microglia can successfully integrate into the mouse retina and exhibit functional characteristics akin to endogenous microglia. The findings are significant for potential therapeutic strategies in retinal diseases, although further exploration of long-term effects and functional outcomes is warranted.",Important,Compelling,The authors aimed to investigate the feasibility of using hiPSC-derived microglia as a therapeutic strategy for retinal diseases by demonstrating their integration and functionality in the mouse retina following xenotransplantation.,"The study employs a robust methodology for generating and characterizing hiPSC-derived microglia, and the in vivo experiments convincingly demonstrate their integration and functional responses in the retina.","The long-term implications of the transplantation, including potential immune responses and functional discrepancies over time, are not thoroughly addressed. Additionally, the study lacks a detailed exploration of the therapeutic outcomes in specific retinal disease models.","The authors successfully achieved their aims of demonstrating the integration and functionality of hiPSC-derived microglia in the mouse retina, supporting their conclusions with solid evidence.","This work has the potential to significantly influence future research on microglial replacement therapies for retinal diseases, providing a foundation for further studies in this area.","Given the differences between human and murine microglia, this study highlights the importance of using human-derived cells for translational research in neurodegenerative diseases affecting the retina."
elife-104718-v1,"This study identifies two natural compounds, bakuchiol and isobavachalcone, that synergistically inhibit cancer cell proliferation by targeting DNA replication and checkpoint signaling. The evidence is compelling, although some methodological aspects could be improved to strengthen the conclusions. The findings are likely to interest cancer biologists and pharmacologists.",Important,Compelling,The authors aimed to identify novel small-molecule inhibitors that target replication stress in cancer cells. They screened plant extracts and found that bakuchiol and isobavachalcone synergistically inhibit cancer cell proliferation by interfering with DNA replication and checkpoint signaling.,"The study employs a robust screening approach and provides detailed mechanistic insights into the action of the compounds, supported by both in vitro and in vivo experiments.","The functional analyses rely on a limited set of pharmacological treatments, and the study could benefit from including additional cancer models, such as those representing various tumor types or stages, to validate the findings. Additionally, the clinical relevance of the compounds needs clearer articulation.","The authors successfully demonstrate the synergistic effects of BKC and IBC on cancer cell proliferation and provide insights into their mechanisms of action, although further validation in diverse models is needed.","If validated, these findings could lead to new combination therapies for cancer treatment, enhancing the efficacy of existing chemotherapeutic agents while potentially reducing side effects.",The study contributes to the growing body of research on natural compounds as potential cancer therapeutics and highlights the importance of targeting replication stress in cancer cells.
elife-96988-v1,"This study provides important insights into the role of lncRNA Snhg3 in hepatic steatosis, revealing its involvement in the PPARγ signaling pathway. The evidence is compelling, although some mechanistic aspects could be further clarified. The findings will be of interest to researchers in metabolic diseases and liver biology.",Important,Compelling,"The authors aimed to investigate the role of lncRNA Snhg3 in the development and progression of metabolic dysfunction-associated fatty liver disease (MASLD), focusing on its mechanistic interactions with SND1 and PPARγ signaling.","The study employs a robust combination of in vivo and in vitro models, demonstrating clear correlations between Snhg3 expression and hepatic lipid metabolism. The use of RNA-Seq and ATAC-Seq provides comprehensive insights into the molecular mechanisms involved.","The functional analyses rely heavily on pharmacological interventions that may not fully capture the complexity of Snhg3's role. Additionally, the study does not sufficiently explore alternative pathways that could also contribute to the observed effects.","The authors successfully demonstrate that Snhg3 influences hepatic steatosis through the SND1/PPARγ axis, although the mechanistic details require further elucidation.",This work has the potential to inform future research on lncRNAs in metabolic diseases and may lead to novel therapeutic strategies targeting Snhg3 or its downstream effects.,"Understanding the role of lncRNAs in metabolic diseases is crucial, as they may serve as biomarkers or therapeutic targets in conditions like MASLD, which currently lack effective treatments."
elife-97465-v1,"This study provides important insights into how genome concentration limits cell growth and modulates proteome composition in E. coli. The evidence is compelling, supported by rigorous experimental methodologies, although some functional analyses, particularly regarding the downstream effects of transcriptional changes on growth and protein synthesis, could be more comprehensive. The findings will be of interest to microbiologists and cell biologists exploring cellular growth mechanisms.",Important,Compelling,"The authors investigate the role of genome concentration in regulating growth rate and proteome composition in E. coli, demonstrating that genome dilution limits RNA polymerase activity and alters the transcriptome and proteome composition. They utilize advanced microscopy and modeling techniques to support their claims.","The study employs a robust combination of single-molecule tracking, quantitative microscopy, and modeling, providing a comprehensive analysis of the effects of genome concentration on cellular processes.","Some functional analyses are limited, particularly in assessing how transcriptional changes impact growth and protein synthesis. The study may also over-rely on specific experimental conditions, which could affect the generalizability of the findings. Additionally, the implications of variability in DNA concentration at the single-cell level are not fully explored.","The authors successfully demonstrate that genome concentration is a limiting factor for transcription and growth in E. coli, supporting their conclusions with solid experimental evidence.",The findings have the potential to reshape our understanding of bacterial growth regulation and may inform future studies on cellular scaling and bioengineering applications.,This work contributes to a growing body of literature suggesting that genome concentration is a critical parameter influencing cellular growth and function across different organisms.
elife-95172-v1,"This study provides important insights into the diversity and functional roles of spinal V1 inhibitory interneurons, particularly the Foxp2-V1 clade. The evidence is compelling, but some methodological weaknesses in the functional analyses limit the strength of the conclusions drawn.",Important,Compelling,"The authors aimed to characterize the diversity, birthdates, and synaptic connections of spinal V1 inhibitory interneurons, focusing on the Foxp2-V1 clade. They utilized genetic lineage tracing and immunohistochemistry to explore the functional implications of these interneurons in motor control.","The study employs a robust combination of genetic lineage tracing and immunohistochemistry, providing a detailed characterization of V1 interneurons. The identification of distinct subgroups within the Foxp2-V1 clade is a significant contribution to understanding spinal cord circuitry.","The functional analyses are somewhat limited, relying heavily on correlational data without sufficient experimental validation of the proposed roles of the different V1 clades. Additionally, the interpretation of synaptic connectivity could be strengthened with more direct functional assays.","The authors largely achieved their aims in characterizing the diversity and birthdates of V1 interneurons, but the functional implications of their findings require further validation to support the conclusions drawn.","This work is likely to impact the field of spinal cord research by providing a clearer understanding of the organization and functional roles of V1 interneurons, although further validation is needed to fully establish the functional significance of the findings.","The study contributes to the growing body of literature on spinal cord interneuron diversity and their roles in motor control, which is particularly relevant in the context of neurodegenerative diseases affecting motoneuron function."
elife-101069-v1,"This study introduces µGUIDE, a Bayesian framework that leverages deep learning for efficient estimation of posterior distributions in tissue microstructure analysis. The evidence supporting the claims is compelling, particularly in terms of computational efficiency and accuracy compared to traditional methods like MCMC. However, further validation in real-world applications is necessary to establish robustness. The work will be of interest to researchers in medical imaging and computational biology.",Important,Compelling,"The authors aim to develop a general Bayesian framework, µGUIDE, to estimate posterior distributions of tissue microstructure parameters efficiently, particularly in the context of diffusion-weighted MRI.","The framework demonstrates significant improvements in computational speed and accuracy over traditional Bayesian methods, and it effectively highlights model degeneracies.","The validation primarily relies on simulations, and the applicability of the method to diverse real-world datasets remains to be fully established. Additionally, the discussion on potential biases and limitations of the model is insufficient.","The authors successfully developed a novel framework that meets their aims, but the robustness of the results in practical applications needs further investigation.","If validated in broader contexts, µGUIDE could transform the analysis of dMRI data and enhance the understanding of brain microstructure, benefiting both clinical and research applications.","The integration of deep learning with Bayesian inference represents a significant advancement in the field of medical imaging, particularly for complex models where traditional methods struggle."
elife-99340-v1,"This study presents a theoretical framework for identifying cancer-driving nucleotides (CDNs) based on mutation recurrence patterns, which could enhance our understanding of tumorigenesis and improve targeted therapies. However, the evidence supporting the conclusions is largely theoretical and lacks comprehensive empirical validation, limiting the strength of the claims.",Important,Incomplete,"The authors develop a theoretical model to identify cancer-driving nucleotides (CDNs) by analyzing mutation recurrence across large sample sizes, positing that mutations with high recurrence are likely to be drivers of cancer. They suggest that increasing sample sizes could facilitate the identification of more CDNs.",The theoretical framework is innovative and provides a new perspective on identifying cancer-driving mutations. The use of extensive datasets like TCGA enhances the potential applicability of the findings.,"The study relies heavily on mathematical modeling with limited empirical validation. There is a lack of functional assays to confirm the role of identified CDNs in cancer progression, raising concerns about the robustness of the conclusions.","While the authors successfully develop a theoretical model for identifying CDNs, the lack of empirical validation means that the results do not fully support their conclusions.","If validated, this work could significantly influence cancer genomics by providing a systematic approach to identifying driver mutations, potentially leading to more effective targeted therapies.","Identifying CDNs is crucial for understanding cancer biology and developing effective treatments, making this theoretical approach a potentially valuable contribution to the field, albeit requiring further empirical support."
elife-102538-v1,"This study provides important insights into the molecular basis of PAM recognition by xCas9, highlighting the role of flexibility in expanding DNA targeting capabilities. The evidence is compelling, supported by rigorous molecular simulations and directed evolution experiments, although some functional analyses, such as the lack of in vivo validation, could be strengthened. The work will be of interest to researchers in genome editing and molecular biology.",Important,Compelling,The authors aimed to elucidate the molecular determinants that allow xCas9 to recognize a wider range of PAM sequences compared to SpCas9. They employed molecular dynamics simulations and directed evolution to investigate the role of specific mutations in enhancing PAM recognition.,"The study utilizes advanced molecular simulations and directed evolution techniques, providing a comprehensive analysis of the mechanisms underlying PAM recognition in xCas9.","Some functional analyses are limited, particularly the lack of experimental validation in cellular contexts, and the reliance on computational predictions raises concerns about the robustness of the conclusions.","The authors successfully identified key mutations that contribute to the expanded PAM recognition of xCas9, although the functional implications of these findings require further experimental confirmation.","This work has the potential to significantly influence the design of next-generation CRISPR-Cas systems with improved targeting capabilities, paving the way for more precise genome editing applications, although practical applications will depend on further validation of the findings.","The findings contribute to the ongoing efforts to enhance the specificity and versatility of CRISPR-Cas systems, which are critical for advancing genome editing technologies."
elife-96957-v1,"This study provides valuable insights into the functional versatility of TMEM16 and OSCA/TMEM63 proteins, demonstrating that single mutations can enable phospholipid permeation in otherwise non-scrambling proteins. The evidence is compelling, although the physiological relevance and broader implications of these findings need further exploration. The work will be of interest to cell biologists and biophysicists.",Important,Compelling,"The authors aimed to investigate the molecular determinants of ion and lipid permeation in TMEM16 and OSCA/TMEM63 proteins, revealing that specific mutations can convert these proteins into phospholipid scramblases. Their findings suggest a conserved potential for these proteins to facilitate both ion and lipid transport.","The study employs rigorous experimental methodologies, including mutagenesis, electrophysiology, and fluorescence imaging, to support its claims. The identification of key mutations that enable scramblase activity is particularly noteworthy.","The study lacks a thorough exploration of the physiological relevance of the findings, particularly in vivo. Additionally, the functional analyses could benefit from including more diverse experimental approaches, such as in vivo assays and additional controls, to strengthen the conclusions.","The authors successfully demonstrate that specific mutations can convert TMEM16 and OSCA/TMEM63 proteins into scramblases, supporting their hypothesis about the evolutionary conservation of these functions.","This work has the potential to reshape our understanding of the functional roles of TMEM16 and OSCA/TMEM63 proteins in cellular processes, particularly in membrane dynamics and lipid transport.","The findings contribute to a growing body of literature that highlights the multifunctionality of membrane proteins, suggesting that evolutionary adaptations may have led to the loss of certain functions in some protein family members."
elife-87736-v1,"This study provides important insights into the differential modulation of visual cortex activity during running in primates compared to rodents. The evidence is compelling, but the limited sample size in marmosets raises concerns about the generalizability of the findings. The work will be of interest to neuroscientists studying sensory processing and comparative neurobiology.",Important,Solid,"The authors aimed to investigate how running affects visual processing in the primary visual cortex (V1) of marmosets compared to mice, revealing that running modulates V1 activity differently in these species.","The study employs rigorous experimental design and advanced electrophysiological techniques, allowing for direct comparisons between species. The shared-gain model provides a novel framework for understanding population-level activity.","The sample size is limited to two marmosets, which may affect the robustness and generalizability of the findings. Additionally, the study does not fully explore the underlying mechanisms that could explain the observed differences.","The authors successfully demonstrate that running has a significantly different effect on V1 activity in marmosets compared to mice, supporting their hypothesis about species-specific differences in sensory processing.","This work has the potential to influence future studies on sensory processing in primates and rodents, highlighting the need for comparative approaches in neuroscience.",Understanding how locomotion influences sensory processing across species can provide insights into the evolution of sensory systems and their functional adaptations.
elife-90254-v1,"This study identifies and characterizes two novel self-cleaving ribozymes in the human genome, enhancing our understanding of ribozyme diversity and function. The evidence is compelling, though further validation and exploration of biological implications are warranted.",Important,Compelling,"The authors aimed to discover and characterize self-cleaving ribozymes in the human genome using deep mutational scanning and covariance analysis. They identified two ribozymes, LINE-1 and OR4K15, elucidating their structural features and catalytic mechanisms.",The use of deep mutational scanning provides a robust framework for identifying functional regions and base-pairing structures. The findings contribute to the understanding of ribozyme evolution and diversity.,"The functional analyses are somewhat limited, and the biological significance of the identified ribozymes is not fully explored. Additional validation experiments would strengthen the claims.","The authors successfully identified and characterized two novel ribozymes, but the implications of their findings require further investigation.","This work has the potential to influence future studies on ribozymes and their roles in gene regulation and evolution, particularly in the context of retrotransposons. However, its immediate impact may be limited without additional validation.",The discovery of these ribozymes adds to the growing body of knowledge regarding non-coding RNAs and their functional roles in the genome.
elife-93060-v1,"This study presents a novel theoretical framework for understanding the dynamics of recurrent neural networks (RNNs) in relation to their outputs, identifying two distinct regimes: aligned and oblique. The evidence is compelling and supported by rigorous simulations, but the lack of extensive experimental validation may limit its immediate applicability in neuroscience.",Important,Compelling,"The authors aim to elucidate the relationship between neural dynamics and output in recurrent neural networks, proposing that the magnitude of output weights determines whether the network operates in an aligned or oblique regime. They demonstrate that these regimes have distinct functional implications for neural representations.","The study employs a robust theoretical framework and rigorous simulations to explore RNN dynamics, providing clear definitions of aligned and oblique regimes and their implications for interpreting neural activity.","The theoretical nature of the work may limit its applicability without further empirical validation, and the connection to existing literature on neural representations could be more explicitly articulated.","The authors successfully characterize the dynamics of RNNs and their relationship to output, although the practical implications for biological systems require further exploration.","The findings could significantly influence how researchers interpret neural dynamics and representations, but the theoretical focus necessitates additional experimental validation to fully realize their potential impact.",This work contributes to ongoing discussions in neuroscience regarding the complexities of neural representations and the factors influencing the relationship between neural activity and behavior.
elife-97356-v1,"This study provides a detailed single-cell transcriptomic atlas of the mouse vomeronasal organ, revealing novel cell types and insights into their developmental trajectories. The evidence is compelling, although further validation of functional implications is needed, particularly regarding the roles of newly identified cell types in chemosensory processing. The work will be of interest to neuroscientists and researchers studying sensory biology.",Important,Compelling,"The authors aimed to generate single-cell transcriptomic atlases of the mouse vomeronasal organ to uncover its cellular and molecular organization, identify novel cell types, and elucidate the lineage relationships and molecular mechanisms involved in receptor expression.","The study employs state-of-the-art single-cell RNA sequencing and spatial imaging techniques, providing a comprehensive dataset that enhances our understanding of the VNO's cellular composition and developmental biology.","The functional implications of the identified cell types and their receptor expression patterns are not sufficiently validated, leaving questions about their roles in sensory processing. Additionally, the discussion on receptor co-expression could benefit from a deeper contextualization within existing literature.","The authors successfully achieved their aims of mapping the cellular organization of the VNO and identifying novel cell types, but the functional relevance of these findings remains to be fully established.","This work is likely to influence future studies on the vomeronasal system and sensory biology, providing a valuable resource for researchers in the field.","Understanding the cellular and molecular organization of the VNO is crucial for elucidating its role in chemosensory processing and innate behaviors, making this study a significant contribution to the field."
elife-93125-v1,"This study provides valuable insights into the roles of SIRT1 and SIRT3 in modulating host metabolism and immune responses during Salmonella infection. The evidence is compelling, particularly in vitro, but the in vivo findings raise questions about the conclusions drawn regarding the roles of these sirtuins in pathogenesis.",Important,Compelling,"The authors investigate the roles of SIRT1 and SIRT3 in regulating host metabolism and immune responses during Salmonella infection, demonstrating that these sirtuins influence both the host's metabolic state and the pathogen's survival.","The study employs a range of methodologies, including qPCR, immunoblotting, and flow cytometry, to provide a thorough analysis of the roles of SIRT1 and SIRT3. The in vitro findings are particularly robust and well-supported by the data.","The in vivo experiments show increased bacterial burden upon SIRT1 and SIRT3 inhibition, which contradicts the in vitro findings. This inconsistency raises concerns about the interpretation of the results. Additionally, the functional analyses could be strengthened by including more diverse experimental approaches and controls to validate the in vivo outcomes.","The authors largely achieve their aims of elucidating the roles of SIRT1 and SIRT3 in Salmonella pathogenesis, but the conflicting in vivo results necessitate further investigation to support their conclusions.",The findings could significantly impact our understanding of host-pathogen interactions and the potential for targeting sirtuins in therapeutic strategies against Salmonella infections.,"This study adds to the growing body of literature on the immunometabolic regulation during bacterial infections, highlighting the complex interplay between host metabolism and pathogen survival."
elife-100569-v1,"This study provides important insights into the role of β-1,6-glucan in the structure and remodeling of the Candida albicans cell wall, highlighting its significance in cell wall integrity and immune modulation. The evidence is compelling, although some aspects of the methodology could be strengthened.",Important,Compelling,"The authors aimed to investigate the role of β-1,6-glucan in the structure and remodeling of the C. albicans cell wall, demonstrating its essential function in maintaining cell wall integrity and modulating host immune responses.","The study employs a robust combination of biochemical assays, genetic manipulation, and immunological analyses to explore the dynamics of β-1,6-glucan. The findings contribute significantly to our understanding of fungal cell wall biology and host-pathogen interactions.","Some functional analyses are limited, particularly the reliance on in vitro models for immunological responses, which may not fully capture the complexity of host interactions. Additionally, the study could benefit from more extensive in vivo validation.","The authors successfully achieved their aims, providing strong evidence for the central role of β-1,6-glucan in C. albicans cell wall architecture and its implications for immune recognition.","This work is likely to impact the field of fungal biology and pathogenesis, offering potential avenues for therapeutic intervention targeting cell wall components.","Understanding the dynamics of β-1,6-glucan in C. albicans is crucial, given the rising incidence of fungal infections and the need for novel antifungal strategies."
elife-94657-v1,"This study provides important insights into the role of RNF220 in maintaining Hox gene expression patterns during hindbrain development by regulating WDR5 stability. The evidence is compelling, although some methodological limitations exist that could be addressed in future work. The findings will be of interest to developmental biologists and neuroscientists.",Important,Compelling,"The authors aimed to elucidate the role of RNF220 in regulating Hox gene expression in the hindbrain and its impact on neuronal circuit development. They demonstrate that RNF220 targets WDR5 for degradation, which is crucial for maintaining proper Hox expression patterns.","The study employs a combination of advanced techniques, including single-nucleus RNA sequencing and in vivo experiments, to provide a comprehensive analysis of RNF220's role in Hox gene regulation.","Some experiments have limited sample sizes, and the reliance on pharmacological inhibitors may not fully capture the complexity of RNF220's role in vivo. Additionally, the functional implications of the observed changes in Hox expression could be explored further.","The authors successfully demonstrate that RNF220 regulates WDR5 stability and Hox gene expression, supporting their conclusions about the role of RNF220 in hindbrain development.","This work has the potential to significantly advance our understanding of the molecular mechanisms underlying Hox gene regulation and its implications for neural development, providing a foundation for future studies.","Understanding the regulation of Hox genes is critical for elucidating the mechanisms of neural patterning and development, with potential implications for developmental disorders and regenerative medicine."
elife-100767-v1,"This study provides important insights into the role of aberrant FGF signaling in infantile medulloblastoma, particularly in the context of SUFU mutations. The evidence is compelling, with a combination of genetic manipulation, pharmacological intervention, and histological analysis supporting the conclusions. The findings will be of interest to researchers in pediatric oncology and developmental biology.",Important,Compelling,"The authors investigate the role of FGF signaling in infantile medulloblastoma driven by mutations in the Sonic Hedgehog pathway, focusing on the upregulation of FGF5 and its effects on granule neuron precursor proliferation using mouse models and patient tumor samples.","The study employs a robust combination of genetic models, pharmacological interventions, and comprehensive histological analyses to support its claims.",The study would benefit from a larger sample size of patient tumors to validate the findings and further exploration of the mechanisms underlying FGF signaling in this context.,"The authors successfully demonstrate that FGF5 signaling is critical for GNP proliferation in the context of SUFU mutations, supporting their hypothesis about its role in tumorigenesis.","This work has the potential to inform new therapeutic strategies targeting FGF signaling in infantile medulloblastoma, particularly for patients with SUFU mutations.","The findings highlight the intersection of developmental signaling pathways and oncogenesis, emphasizing the need for targeted therapies in pediatric brain tumors and contributing to the understanding of medulloblastoma biology."
elife-95044-v1,"This study provides important insights into the role of CXCR3-expressing myeloid cells in hypothalamic inflammation and their protective effects against diet-induced obesity. The evidence is compelling, although further functional studies would enhance the robustness of the conclusions. The work will be of interest to researchers in obesity, immunology, and neurobiology.",Important,Compelling,"The authors aimed to elucidate the transcriptional differences between resident microglia and recruited myeloid cells in the hypothalamus during diet-induced obesity, identifying CXCR3-expressing cells as protective against metabolic dysfunction.","The study employs a dual-reporter mouse model and comprehensive RNA sequencing to reveal significant transcriptional differences between cell types, providing a novel perspective on immune responses in obesity.","The functional analyses, while suggestive, rely on pharmacological interventions that may not fully capture the complexity of immune interactions in the hypothalamus. Incorporating genetic manipulation approaches could strengthen the findings.","The authors successfully identified a novel subset of immune cells with protective roles in hypothalamic inflammation, although the mechanisms remain to be fully elucidated.","The findings could reshape our understanding of immune responses in obesity and suggest new therapeutic targets for metabolic disorders, although further validation is needed.","This work contributes to a growing body of literature that challenges the traditional view of immune responses in obesity, highlighting the potential for protective roles of certain immune cell populations."
elife-90930-v1,"This study offers valuable insights into how the difficulty of word learning affects targeted memory reactivation during sleep, demonstrating that TMR is effective for easier words but ineffective for those that are more difficult to learn. While the evidence is compelling, limitations such as sample size and analysis methods temper the strength of the conclusions.",Important,Compelling,"The authors examined the influence of phonotactic properties on the effectiveness of auditory targeted memory reactivation (TMR) during sleep in young adults learning artificial words. They found that TMR improved memory performance for easier words but had no effect on more difficult ones, with corresponding neural activity differences observed in EEG recordings.","The study employs a novel experimental design to manipulate word learning difficulty and utilizes EEG to assess neural correlates of memory reactivation, providing a comprehensive approach to the research question.","The sample size is relatively small, and the analysis criteria were not pre-registered, raising concerns about the robustness of the findings. Additionally, the between-subject design may introduce variability that could affect the results.","The authors successfully demonstrated that TMR's effectiveness is influenced by the difficulty of word learning, with results supporting their hypotheses regarding memory performance and neural activity.",These findings have significant implications for understanding memory consolidation mechanisms and could inform future research and clinical applications related to language learning and memory enhancement strategies.,This study contributes to the growing literature on the role of sleep in memory consolidation and emphasizes the importance of considering learning difficulty in memory reactivation studies.
elife-96536-v1,"This study provides valuable insights into the transcriptional regulation of mitochondrial biogenesis by identifying CG1603 as a key transcription factor that coordinates nuclear and mitochondrial gene expression. The evidence is compelling, although further functional validation of the identified regulatory interactions is needed to fully support the proposed network. The work will be of interest to researchers in mitochondrial biology and gene regulation.",Important,Compelling,The authors aimed to elucidate the transcriptional control of mitochondrial biogenesis by identifying key transcription factors involved in regulating both nuclear and mitochondrial gene expression. They performed a targeted RNAi screen in Drosophila and constructed a regulatory network centered around the transcription factor CG1603.,"The study employs a robust combination of genetic screening, bioinformatics, and molecular techniques to identify and validate key transcription factors involved in mitochondrial biogenesis. The use of Drosophila as a model organism allows for clear genetic manipulations and phenotypic assessments.","The functional analyses primarily focus on CG1603, and while the data suggest its central role, the study lacks comprehensive validation of the interactions within the proposed regulatory network. Additionally, the implications of these findings in broader biological contexts are not fully explored.","The authors successfully identified CG1603 as a crucial regulator of mitochondrial biogenesis and provided evidence for its role in coordinating nuclear and mitochondrial gene expression, although further validation of the regulatory network is needed.","This work has the potential to significantly advance our understanding of mitochondrial biogenesis and its regulation, which could have implications for various diseases associated with mitochondrial dysfunction.","Understanding the coordination between nuclear and mitochondrial genomes is critical for elucidating the mechanisms underlying mitochondrial biogenesis, which is essential for cellular energy metabolism and overall cellular health."
elife-90624-v1,"This study presents a novel supercomputer framework for reverse engineering the synaptic inputs of motoneuron populations based on their firing patterns, demonstrating that these patterns contain sufficient information to identify input combinations. The evidence is compelling, supported by extensive simulations, but the reliance on in silico models raises questions about the applicability of the findings to biological systems. The work will be of interest to computational neuroscientists and motor control researchers.",Important,Compelling,"The authors aimed to develop techniques for reverse engineering the synaptic inputs that generate firing patterns in motoneuron populations, utilizing extensive simulations on supercomputers to evaluate the effectiveness of these techniques.","The study employs a robust computational framework and extensive parameter searches, providing a detailed analysis of the relationship between firing patterns and synaptic inputs.","The findings are based on in silico models, which may not fully capture the complexities of biological systems, and the discussion of model limitations could be more comprehensive.","The authors successfully demonstrated that firing patterns can be reverse engineered to identify synaptic inputs, achieving their aims with a high degree of variance accounted for in their predictions.","This work has the potential to significantly advance our understanding of motor control and neural circuit dynamics, providing a valuable tool for future research in these areas.","The study builds on existing knowledge of motoneuron input-output relationships and highlights the importance of computational approaches in neuroscience, particularly in the context of increasing computational power."
elife-98409-v1,"This study provides important insights into the role of the antioxidant enzyme AhpC in the developmental cycle of Chlamydia trachomatis, demonstrating that redox status influences differentiation between its elementary body and reticulate body forms. The evidence is compelling, though further validation through additional controls, such as a broader range of redox-active compounds and different Chlamydia strains, would strengthen the conclusions.",Important,Compelling,"The authors investigate how the antioxidant enzyme AhpC affects the redox status of Chlamydia trachomatis and its developmental cycle. They hypothesize that changes in AhpC expression modulate redox conditions, influencing the differentiation between elementary bodies and reticulate bodies.","The study employs robust experimental designs, including genetic manipulation and quantitative assays, to demonstrate the role of AhpC in regulating redox status and developmental progression in Chlamydia.","The study lacks some controls, such as the use of additional antioxidant treatments to further validate the role of AhpC. The mechanisms underlying the observed effects could be explored in greater depth.","The authors successfully demonstrate that altering AhpC expression impacts the redox state and developmental cycle of Chlamydia, supporting their hypothesis regarding the role of redox status in differentiation.",This work has the potential to influence future research on Chlamydia biology and may inform therapeutic strategies targeting redox mechanisms in bacterial pathogens.,Understanding the redox regulation in Chlamydia trachomatis could provide new insights into its pathogenicity and survival strategies within host cells.
elife-88024-v1,"This study provides important insights into the role of ARID1A in meiotic sex chromosome inactivation, demonstrating its necessity for the transcriptional silencing of sex-linked genes and the localization of H3.3. The evidence is compelling, but the reliance on a single Cre line and some functional analyses are limited, which may affect the robustness of the conclusions.",Important,Compelling,"The authors investigate the role of ARID1A in MSCI during male meiosis in mice, demonstrating that it is essential for the transcriptional silencing of sex-linked genes and the proper localization of the histone variant H3.3 on the sex chromosomes.","The study employs a range of methodologies, including RNA-seq, ATAC-seq, and CUT&RUN, to provide a comprehensive analysis of ARID1A's role in chromatin dynamics during meiosis.","The reliance on a single Cre line for ARID1A knockout may limit the interpretation of results, and some functional analyses lack depth, particularly regarding the implications of the findings on DNA repair mechanisms. Future studies could explore alternative Cre lines or additional functional assays to validate these findings.","The authors largely achieve their aims, demonstrating the role of ARID1A in MSCI, but the conclusions would be stronger with additional validation and alternative experimental approaches.","This work is likely to influence future studies on chromatin dynamics during meiosis and may provide a foundation for understanding similar mechanisms in other organisms, particularly in the context of male fertility.","Understanding the mechanisms of MSCI is crucial for insights into male fertility and the regulation of sex-linked genes, making this study relevant to both basic biology and potential clinical applications."
elife-98514-v1,"This study provides valuable insights into the nutritional state-dependent modulation of insulin-producing cells (IPCs) in Drosophila, revealing a resemblance to the mammalian incretin effect. The evidence is compelling, although the functional analyses, particularly regarding IPC and DH44 neuron interactions, are limited and require further validation.",Important,Compelling,"The authors aimed to investigate how nutritional states affect the activity of insulin-producing cells (IPCs) in Drosophila, utilizing electrophysiological recordings and behavioral assays to assess IPC responses to starvation and refeeding with various sugars.","The study employs rigorous electrophysiological techniques and provides a comprehensive analysis of IPC activity under different nutritional conditions, significantly advancing our understanding of metabolic regulation in Drosophila.","The functional analyses regarding the interactions between IPCs and DH44 neurons are somewhat limited, and the interpretation of DH44 neuron roles in modulating IPC activity requires further experimental support.","The authors successfully demonstrated that IPC activity is modulated by nutritional states, but the implications of DH44 neuron interactions with IPCs need more robust validation to support the conclusions drawn.","This work is likely to influence the field of metabolic regulation in Drosophila and may inform future studies on insulin signaling and nutrient sensing across species, emphasizing the relevance of Drosophila as a model organism.","The findings suggest evolutionary conservation of mechanisms regulating insulin signaling and nutrient sensing, highlighting the importance of understanding these processes in both invertebrates and vertebrates."
elife-100197-v1,"This study offers important insights into the role of Mediator kinases in regulating hyperactive interferon signaling in Down syndrome, uncovering novel mechanisms and potential therapeutic targets. While the evidence is compelling, further validation with additional cell lines and functional assays is essential.",Important,Compelling,"The authors aimed to investigate the role of Mediator kinases CDK8 and CDK19 in modulating interferon signaling in Down syndrome, utilizing a multi-omics approach to assess transcriptional, metabolic, and cytokine responses.","The study employs a robust multi-omics approach, providing a comprehensive view of the effects of Mediator kinase inhibition on gene expression, metabolism, and cytokine profiles in Down syndrome cells.","The research is limited by the use of only two donor-derived cell lines, which may not fully capture the variability in Down syndrome. Additionally, the functional validation of the proposed mechanisms needs further exploration.","The authors successfully demonstrated that Mediator kinase inhibition can suppress hyperactive interferon signaling in Down syndrome cells, supporting their hypothesis and establishing a foundation for future therapeutic strategies.",The findings could significantly influence the development of targeted therapies for managing chronic inflammation in Down syndrome and potentially other related conditions.,"This study addresses a critical gap in understanding the molecular mechanisms underlying chronic inflammation in Down syndrome, which is associated with various comorbidities."
